{
  "norm_stats": {
    "state": {
      "mean": [
        0.019781513139605522,
        1.5056589841842651,
        0.37000715732574463,
        0.8966311812400818,
        0.07809377461671829,
        -0.024289999157190323,
        0.036448899656534195,
        0.12450100481510162,
        1.449422001838684,
        0.9479088187217712,
        -0.32472166419029236,
        0.18536783754825592,
        0.5481977462768555,
        0.026902632787823677,
        0.0,
        0.0,
        0.0,
        0.0,
        0.0,
        0.0,
        0.0,
        0.0,
        0.0,
        0.0,
        0.0,
        0.0,
        0.0,
        0.0,
        0.0,
        0.0,
        0.0,
        0.0
      ],
      "std": [
        0.03766965493559837,
        0.20715904235839844,
        0.07458736002445221,
        0.10638733953237534,
        0.06326889246702194,
        0.03081885166466236,
        0.0055303373374044895,
        0.2599984407424927,
        0.420494943857193,
        0.29400014877319336,
        0.3411509394645691,
        0.29725614190101624,
        0.4508195221424103,
        0.010442291386425495,
        0.00009999999747378752,
        0.00009999999747378752,
        0.00009999999747378752,
        0.00009999999747378752,
        0.00009999999747378752,
        0.00009999999747378752,
        0.00009999999747378752,
        0.00009999999747378752,
        0.00009999999747378752,
        0.00009999999747378752,
        0.00009999999747378752,
        0.00009999999747378752,
        0.00009999999747378752,
        0.00009999999747378752,
        0.00009999999747378752,
        0.00009999999747378752,
        0.00009999999747378752,
        0.00009999999747378752
      ],
      "q01": [
        -0.04331927565932281,
        0.11836007327288389,
        0.004641294905543325,
        0.1572017768919468,
        -0.09023274022936822,
        -0.07367293927818536,
        0.001340771596878767,
        -0.473777434527874,
        0.0938740062981844,
        0.05852914636582135,
        -0.9771225539922714,
        -0.5798601227760315,
        -0.7038998219490051,
        0.0014695016071200372,
        0.0,
        0.0,
        0.0,
        0.0,
        0.0,
        0.0,
        0.0,
        0.0,
        0.0,
        0.0,
        0.0,
        0.0,
        0.0,
        0.0,
        0.0,
        0.0,
        0.0,
        0.0
      ],
      "q99": [
        0.06498042971491813,
        1.6280154635459185,
        0.6246845811426639,
        1.0711935538351536,
        0.24650607149004933,
        0.029626503400504545,
        0.03795532851964235,
        0.6564514924287796,
        2.148718905326724,
        1.6181690349131823,
        0.5850340191602705,
        0.7422365339040757,
        1.549083058309555,
        0.037928609901666646,
        0.0,
        0.0,
        0.0,
        0.0,
        0.0,
        0.0,
        0.0,
        0.0,
        0.0,
        0.0,
        0.0,
        0.0,
        0.0,
        0.0,
        0.0,
        0.0,
        0.0,
        0.0
      ]
    },
    "actions": {
      "mean": [
        0.02079586498439312,
        1.5362929105758667,
        0.37626659870147705,
        0.908744752407074,
        0.08177037537097931,
        -0.026323102414608,
        0.9961247444152832,
        0.12474118918180466,
        1.436946153640747,
        0.9698618054389954,
        -0.3081175684928894,
        0.1295916587114334,
        0.5457267165184021,
        0.43403756618499756,
        0.0,
        0.0,
        0.0,
        0.0,
        0.0,
        0.0,
        0.0,
        0.0,
        0.0,
        0.0,
        0.0,
        0.0,
        0.0,
        0.0,
        0.0,
        0.0,
        0.0,
        0.0
      ],
      "std": [
        0.03724922239780426,
        0.00009999999747378752,
        0.02874179184436798,
        0.042486079037189484,
        0.06480519473552704,
        0.030672989785671234,
        0.00727522699162364,
        0.26193180680274963,
        0.41673052310943604,
        0.26352545619010925,
        0.34966620802879333,
        0.3507983386516571,
        0.45131465792655945,
        0.4286437928676605,
        0.00009999999747378752,
        0.00009999999747378752,
        0.00009999999747378752,
        0.00009999999747378752,
        0.00009999999747378752,
        0.00009999999747378752,
        0.00009999999747378752,
        0.00009999999747378752,
        0.00009999999747378752,
        0.00009999999747378752,
        0.00009999999747378752,
        0.00009999999747378752,
        0.00009999999747378752,
        0.00009999999747378752,
        0.00009999999747378752,
        0.00009999999747378752,
        0.00009999999747378752,
        0.00009999999747378752
      ],
      "q01": [
        -0.04004124339073889,
        1.5323212889790536,
        0.3479563593864441,
        0.8817244737625123,
        -0.024671436953544568,
        -0.07372938879728319,
        0.9956172108650208,
        -0.47669654570817943,
        0.38525723457336425,
        0.3941140743076801,
        -0.9653099830627441,
        -0.7499712396860123,
        -0.663338960170746,
        0.0,
        0.0,
        0.0,
        0.0,
        0.0,
        0.0,
        0.0,
        0.0,
        0.0,
        0.0,
        0.0,
        0.0,
        0.0,
        0.0,
        0.0,
        0.0,
        0.0,
        0.0,
        0.0
      ],
      "q99": [
        0.06583372453451153,
        1.5400147464513778,
        0.3926294195652008,
        0.9570521278381348,
        0.25447632496356964,
        0.026050442256033424,
        0.997808137357235,
        0.6575827136874199,
        2.162478796005249,
        1.6186756410449743,
        0.6107181991577151,
        0.7573592171192172,
        1.5599274811744688,
        0.9822967858791352,
        0.0,
        0.0,
        0.0,
        0.0,
        0.0,
        0.0,
        0.0,
        0.0,
        0.0,
        0.0,
        0.0,
        0.0,
        0.0,
        0.0,
        0.0,
        0.0,
        0.0,
        0.0
      ]
    }
  }
}